store,month,transactions
1,2013-01-01,47471
1,2013-02-01,40587
1,2013-03-01,45299
1,2013-04-01,46740
1,2013-05-01,46286
1,2013-06-01,44876
1,2013-07-01,47874
1,2013-08-01,45789
1,2013-09-01,44540
1,2013-10-01,46424
1,2013-11-01,46783
1,2013-12-01,50110
1,2014-01-01,47417
1,2014-02-01,43819
1,2014-03-01,44311
1,2014-04-01,46035
1,2014-05-01,47225
1,2014-06-01,45680
1,2014-07-01,48253
1,2014-08-01,46066
1,2014-09-01,46414
1,2014-10-01,46535
1,2014-11-01,43037
1,2014-12-01,53532
1,2015-01-01,47302
1,2015-02-01,41473
1,2015-03-01,47794
1,2015-04-01,46139
1,2015-05-01,46838
1,2015-06-01,47870
1,2015-07-01,47190
1,2015-08-01,44656
1,2015-09-01,46182
1,2015-10-01,45835
1,2015-11-01,42896
1,2015-12-01,54431
1,2016-01-01,41572
1,2016-02-01,42653
1,2016-03-01,46244
1,2016-04-01,46771
1,2016-05-01,45385
1,2016-06-01,45609
1,2016-07-01,45258
1,2016-08-01,44915
1,2016-09-01,44899
1,2016-10-01,45625
1,2016-11-01,43241
1,2016-12-01,52090
1,2017-01-01,45441
1,2017-02-01,40868
1,2017-03-01,48530
1,2017-04-01,43396
1,2017-05-01,45426
1,2017-06-01,47479
1,2017-07-01,47457
1,2017-08-01,21395
2,2013-01-01,57588
2,2013-02-01,51269
2,2013-03-01,56849
2,2013-04-01,55188
2,2013-05-01,56738
2,2013-06-01,55607
2,2013-07-01,56987
2,2013-08-01,57410
2,2013-09-01,56673
2,2013-10-01,57008
2,2013-11-01,57708
2,2013-12-01,68879
2,2014-01-01,58314
2,2014-02-01,53874
2,2014-03-01,59796
2,2014-04-01,58824
2,2014-05-01,59082
2,2014-06-01,57406
2,2014-07-01,58996
2,2014-08-01,59066
2,2014-09-01,58749
2,2014-10-01,59514
2,2014-11-01,58100
2,2014-12-01,69772
2,2015-01-01,58896
2,2015-02-01,53448
2,2015-03-01,59999
2,2015-04-01,57845
2,2015-05-01,60528
2,2015-06-01,58390
2,2015-07-01,58958
2,2015-08-01,57217
2,2015-09-01,57272
2,2015-10-01,58322
2,2015-11-01,56766
2,2015-12-01,70559
2,2016-01-01,52399
2,2016-02-01,55121
2,2016-03-01,58276
2,2016-04-01,59522
2,2016-05-01,59266
2,2016-06-01,56943
2,2016-07-01,56526
2,2016-08-01,55188
2,2016-09-01,55964
2,2016-10-01,57482
2,2016-11-01,55399
2,2016-12-01,68596
2,2017-01-01,56937
2,2017-02-01,52210
2,2017-03-01,58156
2,2017-04-01,55946
2,2017-05-01,57974
2,2017-06-01,56489
2,2017-07-01,57316
2,2017-08-01,26594
3,2013-01-01,90946
3,2013-02-01,83135
3,2013-03-01,95882
3,2013-04-01,91557
3,2013-05-01,94211
3,2013-06-01,94855
3,2013-07-01,95384
3,2013-08-01,96323
3,2013-09-01,95199
3,2013-10-01,95357
3,2013-11-01,93539
3,2013-12-01,115043
3,2014-01-01,94319
3,2014-02-01,87848
3,2014-03-01,98134
3,2014-04-01,97023
3,2014-05-01,100083
3,2014-06-01,95728
3,2014-07-01,95806
3,2014-08-01,95886
3,2014-09-01,95360
3,2014-10-01,96707
3,2014-11-01,93296
3,2014-12-01,115946
3,2015-01-01,95023
3,2015-02-01,85745
3,2015-03-01,97799
3,2015-04-01,94630
3,2015-05-01,100531
3,2015-06-01,95430
3,2015-07-01,98264
3,2015-08-01,98698
3,2015-09-01,95264
3,2015-10-01,97700
3,2015-11-01,97133
3,2015-12-01,119050
3,2016-01-01,86542
3,2016-02-01,91944
3,2016-03-01,97990
3,2016-04-01,97694
3,2016-05-01,98419
3,2016-06-01,93099
3,2016-07-01,96550
3,2016-08-01,94323
3,2016-09-01,93278
3,2016-10-01,98002
3,2016-11-01,95564
3,2016-12-01,120803
3,2017-01-01,96430
3,2017-02-01,88566
3,2017-03-01,97419
3,2017-04-01,97404
3,2017-05-01,98717
3,2017-06-01,95556
3,2017-07-01,98694
3,2017-08-01,46522
4,2013-01-01,45940
4,2013-02-01,41181
4,2013-03-01,47712
4,2013-04-01,44997
4,2013-05-01,46489
4,2013-06-01,46660
4,2013-07-01,46210
4,2013-08-01,45407
4,2013-09-01,44264
4,2013-10-01,45001
4,2013-11-01,44114
4,2013-12-01,55848
4,2014-01-01,45509
4,2014-02-01,42652
4,2014-03-01,46585
4,2014-04-01,46736
4,2014-05-01,47648
4,2014-06-01,46289
4,2014-07-01,46078
4,2014-08-01,47162
4,2014-09-01,46918
4,2014-10-01,46802
4,2014-11-01,44580
4,2014-12-01,55616
4,2015-01-01,45914
4,2015-02-01,41852
4,2015-03-01,46754
4,2015-04-01,44788
4,2015-05-01,47321
4,2015-06-01,45432
4,2015-07-01,44744
4,2015-08-01,44895
4,2015-09-01,44552
4,2015-10-01,45248
4,2015-11-01,44059
4,2015-12-01,55620
4,2016-01-01,40961
4,2016-02-01,42761
4,2016-03-01,46382
4,2016-04-01,45052
4,2016-05-01,44456
4,2016-06-01,42615
4,2016-07-01,43982
4,2016-08-01,42565
4,2016-09-01,42438
4,2016-10-01,44107
4,2016-11-01,43000
4,2016-12-01,53931
4,2017-01-01,43751
4,2017-02-01,40765
4,2017-03-01,44404
4,2017-04-01,42355
4,2017-05-01,42839
4,2017-06-01,41682
4,2017-07-01,43313
4,2017-08-01,20071
5,2013-01-01,45355
5,2013-02-01,42164
5,2013-03-01,46358
5,2013-04-01,45004
5,2013-05-01,46816
5,2013-06-01,43892
5,2013-07-01,44854
5,2013-08-01,47052
5,2013-09-01,43169
5,2013-10-01,42101
5,2013-11-01,42105
5,2013-12-01,55147
5,2014-01-01,43561
5,2014-02-01,41847
5,2014-03-01,44989
5,2014-04-01,41784
5,2014-05-01,46270
5,2014-06-01,43446
5,2014-07-01,44901
5,2014-08-01,46817
5,2014-09-01,43997
5,2014-10-01,44713
5,2014-11-01,43645
5,2014-12-01,57904
5,2015-01-01,46021
5,2015-02-01,42083
5,2015-03-01,46229
5,2015-04-01,42204
5,2015-05-01,46751
5,2015-06-01,44228
5,2015-07-01,43834
5,2015-08-01,41497
5,2015-09-01,38849
5,2015-10-01,39547
5,2015-11-01,38104
5,2015-12-01,49583
5,2016-01-01,35769
5,2016-02-01,36653
5,2016-03-01,38835
5,2016-04-01,37090
5,2016-05-01,39764
5,2016-06-01,37902
5,2016-07-01,39213
5,2016-08-01,38730
5,2016-09-01,36843
5,2016-10-01,36657
5,2016-11-01,36520
5,2016-12-01,46937
5,2017-01-01,37591
5,2017-02-01,35127
5,2017-03-01,38738
5,2017-04-01,35904
5,2017-05-01,38811
5,2017-06-01,36933
5,2017-07-01,38247
5,2017-08-01,18792
6,2013-01-01,52902
6,2013-02-01,48108
6,2013-03-01,56606
6,2013-04-01,53344
6,2013-05-01,55612
6,2013-06-01,55285
6,2013-07-01,54986
6,2013-08-01,55148
6,2013-09-01,54706
6,2013-10-01,54925
6,2013-11-01,53859
6,2013-12-01,67918
6,2014-01-01,54761
6,2014-02-01,51482
6,2014-03-01,56889
6,2014-04-01,56494
6,2014-05-01,57868
6,2014-06-01,56183
6,2014-07-01,54976
6,2014-08-01,55904
6,2014-09-01,55589
6,2014-10-01,55913
6,2014-11-01,54564
6,2014-12-01,66683
6,2015-01-01,55471
6,2015-02-01,49542
6,2015-03-01,56386
6,2015-04-01,54755
6,2015-05-01,57297
6,2015-06-01,54223
6,2015-07-01,55388
6,2015-08-01,54635
6,2015-09-01,53666
6,2015-10-01,54649
6,2015-11-01,53112
6,2015-12-01,67161
6,2016-01-01,49912
6,2016-02-01,52527
6,2016-03-01,56137
6,2016-04-01,56737
6,2016-05-01,56323
6,2016-06-01,53570
6,2016-07-01,54501
6,2016-08-01,52190
6,2016-09-01,52241
6,2016-10-01,54278
6,2016-11-01,52608
6,2016-12-01,65363
6,2017-01-01,54087
6,2017-02-01,50351
6,2017-03-01,54654
6,2017-04-01,53831
6,2017-05-01,54984
6,2017-06-01,53766
6,2017-07-01,55227
6,2017-08-01,25619
7,2013-01-01,47277
7,2013-02-01,45211
7,2013-03-01,52587
7,2013-04-01,51627
7,2013-05-01,54017
7,2013-06-01,52919
7,2013-07-01,52959
7,2013-08-01,51850
7,2013-09-01,52810
7,2013-10-01,54628
7,2013-11-01,53757
7,2013-12-01,59205
7,2014-01-01,54385
7,2014-02-01,50269
7,2014-03-01,54914
7,2014-04-01,55374
7,2014-05-01,56035
7,2014-06-01,54704
7,2014-07-01,54301
7,2014-08-01,53770
7,2014-09-01,56105
7,2014-10-01,56222
7,2014-11-01,52914
7,2014-12-01,60361
7,2015-01-01,52351
7,2015-02-01,47535
7,2015-03-01,53510
7,2015-04-01,53199
7,2015-05-01,54883
7,2015-06-01,53360
7,2015-07-01,52810
7,2015-08-01,51000
7,2015-09-01,54055
7,2015-10-01,53952
7,2015-11-01,52810
7,2015-12-01,61239
7,2016-01-01,49105
7,2016-02-01,52763
7,2016-03-01,55191
7,2016-04-01,56914
7,2016-05-01,56111
7,2016-06-01,54249
7,2016-07-01,53718
7,2016-08-01,52487
7,2016-09-01,52401
7,2016-10-01,56043
7,2016-11-01,53748
7,2016-12-01,61658
7,2017-01-01,54757
7,2017-02-01,51182
7,2017-03-01,57640
7,2017-04-01,54117
7,2017-05-01,56931
7,2017-06-01,56898
7,2017-07-01,55581
7,2017-08-01,25594
8,2013-01-01,82467
8,2013-02-01,74560
8,2013-03-01,84822
8,2013-04-01,81584
8,2013-05-01,84017
8,2013-06-01,82118
8,2013-07-01,85183
8,2013-08-01,85041
8,2013-09-01,83514
8,2013-10-01,85423
8,2013-11-01,84652
8,2013-12-01,100098
8,2014-01-01,84780
8,2014-02-01,78327
8,2014-03-01,86270
8,2014-04-01,85517
8,2014-05-01,87327
8,2014-06-01,82356
8,2014-07-01,84988
8,2014-08-01,86477
8,2014-09-01,85441
8,2014-10-01,85886
8,2014-11-01,82476
8,2014-12-01,100146
8,2015-01-01,81743
8,2015-02-01,74862
8,2015-03-01,85731
8,2015-04-01,81833
8,2015-05-01,84218
8,2015-06-01,81207
8,2015-07-01,82076
8,2015-08-01,82818
8,2015-09-01,80998
8,2015-10-01,82820
8,2015-11-01,81999
8,2015-12-01,102080
8,2016-01-01,73548
8,2016-02-01,77062
8,2016-03-01,81469
8,2016-04-01,83640
8,2016-05-01,82625
8,2016-06-01,78664
8,2016-07-01,81179
8,2016-08-01,79695
8,2016-09-01,78700
8,2016-10-01,82757
8,2016-11-01,79711
8,2016-12-01,100975
8,2017-01-01,81925
8,2017-02-01,75255
8,2017-03-01,84075
8,2017-04-01,80899
8,2017-05-01,83799
8,2017-06-01,81933
8,2017-07-01,84548
8,2017-08-01,39657
9,2013-01-01,63137
9,2013-02-01,58846
9,2013-03-01,68179
9,2013-04-01,66724
9,2013-05-01,67557
9,2013-06-01,66265
9,2013-07-01,67569
9,2013-08-01,68822
9,2013-09-01,66680
9,2013-10-01,66581
9,2013-11-01,64393
9,2013-12-01,78787
9,2014-01-01,61053
9,2014-02-01,59216
9,2014-03-01,65359
9,2014-04-01,64677
9,2014-05-01,67087
9,2014-06-01,62622
9,2014-07-01,64347
9,2014-08-01,66140
9,2014-09-01,63579
9,2014-10-01,64299
9,2014-11-01,62388
9,2014-12-01,76875
9,2015-01-01,62318
9,2015-02-01,57428
9,2015-03-01,63977
9,2015-04-01,64650
9,2015-05-01,66077
9,2015-06-01,61583
9,2015-07-01,63121
9,2015-08-01,64088
9,2015-09-01,61492
9,2015-10-01,59412
9,2015-11-01,57209
9,2015-12-01,72214
9,2016-01-01,53081
9,2016-02-01,57456
9,2016-03-01,61093
9,2016-04-01,64358
9,2016-05-01,61115
9,2016-06-01,57407
9,2016-07-01,59413
9,2016-08-01,59871
9,2016-09-01,58562
9,2016-10-01,60060
9,2016-11-01,59974
9,2016-12-01,75533
9,2017-01-01,60842
9,2017-02-01,56601
9,2017-03-01,61826
9,2017-04-01,61572
9,2017-05-01,62055
9,2017-06-01,59142
9,2017-07-01,60845
9,2017-08-01,30605
10,2013-01-01,32569
10,2013-02-01,30422
10,2013-03-01,32940
10,2013-04-01,33099
10,2013-05-01,33777
10,2013-06-01,32482
10,2013-07-01,33243
10,2013-08-01,33707
10,2013-09-01,33104
10,2013-10-01,32532
10,2013-11-01,31100
10,2013-12-01,38516
10,2014-01-01,30637
10,2014-02-01,29466
10,2014-03-01,31481
10,2014-04-01,32151
10,2014-05-01,32909
10,2014-06-01,31811
10,2014-07-01,31659
10,2014-08-01,32953
10,2014-09-01,31408
10,2014-10-01,29289
10,2014-11-01,30211
10,2014-12-01,38108
10,2015-01-01,30111
10,2015-02-01,27287
10,2015-03-01,29322
10,2015-04-01,29557
10,2015-05-01,30742
10,2015-06-01,29591
10,2015-07-01,29324
10,2015-08-01,30039
10,2015-09-01,29151
10,2015-10-01,27949
10,2015-11-01,26556
10,2015-12-01,33294
10,2016-01-01,23794
10,2016-02-01,26048
10,2016-03-01,27932
10,2016-04-01,29098
10,2016-05-01,28280
10,2016-06-01,26069
10,2016-07-01,26233
10,2016-08-01,27034
10,2016-09-01,26374
10,2016-10-01,26380
10,2016-11-01,24876
10,2016-12-01,32080
10,2017-01-01,25347
10,2017-02-01,23812
10,2017-03-01,26168
10,2017-04-01,26546
10,2017-05-01,27084
10,2017-06-01,26059
10,2017-07-01,27170
10,2017-08-01,13612
11,2013-01-01,71125
11,2013-02-01,67674
11,2013-03-01,75837
11,2013-04-01,72437
11,2013-05-01,75515
11,2013-06-01,72397
11,2013-07-01,74073
11,2013-08-01,76190
11,2013-09-01,73749
11,2013-10-01,73825
11,2013-11-01,72239
11,2013-12-01,88937
11,2014-01-01,71356
11,2014-02-01,69299
11,2014-03-01,75642
11,2014-04-01,73919
11,2014-05-01,75362
11,2014-06-01,71842
11,2014-07-01,72400
11,2014-08-01,75492
11,2014-09-01,70961
11,2014-10-01,71532
11,2014-11-01,70057
11,2014-12-01,84309
11,2015-01-01,68641
11,2015-02-01,64760
11,2015-03-01,70638
11,2015-04-01,69564
11,2015-05-01,73088
11,2015-06-01,67406
11,2015-07-01,70415
11,2015-08-01,72688
11,2015-09-01,68468
11,2015-10-01,68964
11,2015-11-01,65611
11,2015-12-01,81502
11,2016-01-01,58523
11,2016-02-01,67641
11,2016-03-01,70138
11,2016-04-01,70807
11,2016-05-01,72047
11,2016-06-01,64684
11,2016-07-01,67733
11,2016-08-01,69523
11,2016-09-01,68132
11,2016-10-01,68898
11,2016-11-01,68236
11,2016-12-01,82771
11,2017-01-01,66542
11,2017-02-01,65552
11,2017-03-01,72174
11,2017-04-01,71856
11,2017-05-01,73076
11,2017-06-01,68901
11,2017-07-01,72072
11,2017-08-01,35268
12,2013-01-01,34939
12,2013-02-01,33418
12,2013-03-01,38450
12,2013-04-01,37547
12,2013-05-01,38753
12,2013-06-01,37568
12,2013-07-01,38746
12,2013-08-01,37287
12,2013-09-01,37076
12,2013-10-01,37701
12,2013-11-01,36885
12,2013-12-01,40516
12,2014-01-01,34693
12,2014-02-01,32976
12,2014-03-01,36828
12,2014-04-01,37072
12,2014-05-01,37169
12,2014-06-01,35889
12,2014-07-01,36711
12,2014-08-01,35631
12,2014-09-01,35352
12,2014-10-01,36572
12,2014-11-01,36473
12,2014-12-01,40603
12,2015-01-01,36141
12,2015-02-01,33906
12,2015-03-01,34589
12,2015-05-01,6044
12,2015-06-01,38986
12,2015-07-01,37196
12,2015-08-01,36687
12,2015-09-01,34788
12,2015-10-01,36739
12,2015-11-01,35132
12,2015-12-01,40607
12,2016-01-01,33148
12,2016-02-01,35405
12,2016-03-01,37455
12,2016-04-01,38402
12,2016-05-01,38300
12,2016-06-01,35357
12,2016-07-01,35691
12,2016-08-01,34666
12,2016-09-01,34087
12,2016-10-01,35690
12,2016-11-01,35253
12,2016-12-01,39702
12,2017-01-01,35333
12,2017-02-01,33528
12,2017-03-01,36225
12,2017-04-01,36467
12,2017-05-01,37815
12,2017-06-01,36438
12,2017-07-01,36931
12,2017-08-01,17289
13,2013-01-01,27403
13,2013-02-01,26272
13,2013-03-01,30680
13,2013-04-01,29701
13,2013-05-01,30468
13,2013-06-01,29490
13,2013-07-01,30211
13,2013-08-01,29440
13,2013-09-01,28318
13,2013-10-01,28749
13,2013-11-01,28314
13,2013-12-01,31992
13,2014-01-01,27292
13,2014-02-01,26053
13,2014-03-01,29452
13,2014-04-01,29368
13,2014-05-01,29588
13,2014-06-01,28105
13,2014-07-01,28869
13,2014-08-01,28905
13,2014-09-01,27488
13,2014-10-01,28857
13,2014-11-01,28388
13,2014-12-01,32927
13,2015-01-01,27983
13,2015-02-01,26386
13,2015-03-01,29590
13,2015-04-01,36752
13,2015-05-01,37467
13,2015-06-01,28830
13,2015-07-01,29007
13,2015-08-01,29174
13,2015-09-01,27051
13,2015-10-01,27074
13,2015-11-01,25563
13,2015-12-01,29883
13,2016-01-01,23754
13,2016-02-01,25840
13,2016-03-01,27709
13,2016-04-01,28028
13,2016-05-01,28074
13,2016-06-01,25557
13,2016-07-01,26732
13,2016-08-01,26223
13,2016-09-01,26065
13,2016-10-01,27030
13,2016-11-01,26193
13,2016-12-01,30054
13,2017-01-01,25811
13,2017-02-01,24897
13,2017-03-01,26901
13,2017-04-01,27571
13,2017-05-01,27985
13,2017-06-01,26203
13,2017-07-01,27645
13,2017-08-01,13142
14,2013-01-01,47591
14,2013-02-01,43356
14,2013-03-01,48895
14,2013-04-01,45609
14,2013-05-01,46252
14,2013-06-01,45328
14,2013-07-01,46031
14,2013-08-01,44690
14,2013-09-01,45482
14,2013-10-01,46109
14,2013-11-01,44583
14,2013-12-01,51087
14,2014-01-01,44491
14,2014-02-01,41136
14,2014-03-01,45188
14,2014-04-01,45044
14,2014-05-01,45650
14,2014-06-01,43214
14,2014-07-01,44569
14,2014-08-01,4170
14,2014-09-01,33225
14,2014-10-01,44460
14,2014-11-01,42396
14,2014-12-01,48876
14,2015-01-01,42593
14,2015-02-01,37735
14,2015-03-01,41854
14,2015-04-01,40963
14,2015-05-01,43527
14,2015-06-01,41335
14,2015-07-01,41457
14,2015-08-01,41180
14,2015-09-01,40889
14,2015-10-01,40508
14,2015-11-01,38044
14,2015-12-01,45653
14,2016-01-01,35772
14,2016-02-01,37727
14,2016-03-01,39705
14,2016-04-01,41264
14,2016-05-01,40274
14,2016-06-01,37550
14,2016-07-01,38251
14,2016-08-01,38000
14,2016-09-01,38403
14,2016-10-01,38731
14,2016-11-01,36809
14,2016-12-01,45106
14,2017-01-01,38346
14,2017-02-01,35062
14,2017-03-01,38855
14,2017-04-01,38995
14,2017-05-01,40376
14,2017-06-01,38531
14,2017-07-01,38574
14,2017-08-01,18349
15,2013-01-01,38960
15,2013-02-01,35349
15,2013-03-01,40068
15,2013-04-01,40803
15,2013-05-01,43801
15,2013-06-01,42785
15,2013-07-01,41587
15,2013-08-01,40379
15,2013-09-01,39569
15,2013-10-01,39445
15,2013-11-01,37798
15,2013-12-01,40368
15,2014-01-01,37314
15,2014-02-01,34950
15,2014-03-01,37992
15,2014-04-01,38702
15,2014-05-01,40320
15,2014-06-01,38267
15,2014-07-01,39417
15,2014-08-01,39506
15,2014-09-01,39676
15,2014-10-01,39545
15,2014-11-01,37443
15,2014-12-01,43958
15,2015-01-01,39741
15,2015-02-01,36192
15,2015-03-01,40980
15,2015-04-01,40229
15,2015-05-01,42796
15,2015-06-01,41474
15,2015-07-01,42476
15,2015-08-01,41868
15,2015-09-01,40809
15,2015-10-01,40821
15,2015-11-01,38030
15,2015-12-01,44657
15,2016-01-01,34778
15,2016-02-01,37779
15,2016-03-01,40934
15,2016-04-01,41462
15,2016-05-01,41316
15,2016-06-01,38610
15,2016-07-01,39038
15,2016-08-01,38911
15,2016-09-01,39334
15,2016-10-01,39589
15,2016-11-01,38158
15,2016-12-01,44657
15,2017-01-01,38762
15,2017-02-01,35680
15,2017-03-01,41126
15,2017-04-01,40298
15,2017-05-01,41973
15,2017-06-01,39562
15,2017-07-01,40489
15,2017-08-01,19367
16,2013-01-01,30269
16,2013-02-01,28856
16,2013-03-01,29685
16,2013-04-01,29274
16,2013-05-01,31396
16,2013-06-01,30477
16,2013-07-01,31172
16,2013-08-01,32047
16,2013-09-01,29964
16,2013-10-01,29669
16,2013-11-01,29196
16,2013-12-01,32986
16,2014-01-01,28299
16,2014-02-01,27304
16,2014-03-01,29324
16,2014-04-01,27242
16,2014-05-01,29324
16,2014-06-01,28433
16,2014-07-01,29131
16,2014-08-01,30444
16,2014-09-01,28005
16,2014-10-01,27523
16,2014-11-01,27233
16,2014-12-01,32253
16,2015-01-01,27479
16,2015-02-01,26104
16,2015-03-01,28173
16,2015-04-01,26943
16,2015-05-01,30080
16,2015-06-01,28512
16,2015-07-01,27747
16,2015-08-01,24719
16,2015-09-01,23623
16,2015-10-01,23394
16,2015-11-01,22785
16,2015-12-01,26652
16,2016-01-01,21399
16,2016-02-01,21841
16,2016-03-01,23688
16,2016-04-01,23479
16,2016-05-01,24051
16,2016-06-01,22722
16,2016-07-01,23676
16,2016-08-01,23370
16,2016-09-01,22108
16,2016-10-01,22218
16,2016-11-01,22023
16,2016-12-01,25072
16,2017-01-01,21138
16,2017-02-01,20781
16,2017-03-01,21649
16,2017-04-01,21708
16,2017-05-01,23091
16,2017-06-01,21801
16,2017-07-01,22178
16,2017-08-01,10788
17,2013-01-01,37362
17,2013-02-01,35170
17,2013-03-01,40607
17,2013-04-01,38684
17,2013-05-01,40303
17,2013-06-01,39965
17,2013-07-01,39419
17,2013-08-01,38420
17,2013-09-01,38159
17,2013-10-01,38683
17,2013-11-01,37334
17,2013-12-01,42252
17,2014-01-01,37193
17,2014-02-01,35595
17,2014-03-01,38763
17,2014-04-01,38524
17,2014-05-01,39736
17,2014-06-01,39031
17,2014-07-01,38424
17,2014-08-01,39028
17,2014-09-01,39120
17,2014-10-01,39629
17,2014-11-01,39180
17,2014-12-01,44502
17,2015-01-01,39103
17,2015-02-01,36222
17,2015-03-01,40571
17,2015-04-01,39773
17,2015-05-01,41858
17,2015-06-01,39855
17,2015-07-01,40219
17,2015-08-01,41314
17,2015-09-01,40715
17,2015-10-01,39952
17,2015-11-01,39104
17,2015-12-01,45586
17,2016-01-01,35994
17,2016-02-01,39092
17,2016-03-01,42230
17,2016-04-01,48232
17,2016-05-01,47192
17,2016-06-01,45088
17,2016-07-01,46231
17,2016-08-01,45535
17,2016-09-01,44999
17,2016-10-01,46587
17,2016-11-01,44366
17,2016-12-01,51817
17,2017-01-01,45320
17,2017-02-01,42755
17,2017-03-01,46212
17,2017-04-01,46368
17,2017-05-01,46082
17,2017-06-01,44393
17,2017-07-01,45625
17,2017-08-01,22012
18,2013-01-01,39488
18,2013-02-01,33743
18,2013-03-01,41049
18,2013-04-01,41897
18,2013-05-01,41793
18,2013-06-01,41285
18,2013-07-01,40839
18,2013-08-01,40428
18,2013-09-01,41026
18,2013-10-01,42099
18,2013-11-01,40894
18,2013-12-01,46520
18,2014-01-01,40020
18,2014-02-01,36375
18,2014-03-01,40959
18,2014-04-01,42744
18,2014-05-01,42835
18,2014-06-01,41355
18,2014-07-01,40932
18,2014-08-01,43183
18,2014-09-01,45572
18,2014-10-01,44402
18,2014-11-01,40440
18,2014-12-01,47716
18,2015-01-01,39348
18,2015-02-01,34845
18,2015-03-01,40526
18,2015-04-01,39685
18,2015-05-01,41073
18,2015-06-01,39856
18,2015-07-01,38222
18,2015-08-01,37975
18,2015-09-01,39100
18,2015-10-01,38877
18,2015-11-01,37592
18,2015-12-01,44457
18,2016-01-01,33728
18,2016-02-01,34442
18,2016-03-01,38933
18,2016-04-01,40711
18,2016-05-01,38285
18,2016-06-01,36701
18,2016-07-01,36514
18,2016-08-01,15680
18,2016-12-01,41513
18,2017-01-01,37406
18,2017-02-01,33619
18,2017-03-01,39996
18,2017-04-01,39161
18,2017-05-01,39625
18,2017-06-01,39159
18,2017-07-01,38407
18,2017-08-01,18248
19,2013-01-01,34294
19,2013-02-01,35268
19,2013-03-01,40119
19,2013-04-01,37843
19,2013-05-01,37793
19,2013-06-01,37641
19,2013-07-01,38411
19,2013-08-01,38784
19,2013-09-01,38687
19,2013-10-01,38034
19,2013-11-01,39073
19,2013-12-01,44455
19,2014-01-01,36259
19,2014-02-01,35728
19,2014-03-01,39714
19,2014-04-01,38830
19,2014-05-01,40938
19,2014-06-01,37991
19,2014-07-01,39134
19,2014-08-01,40497
19,2014-09-01,39242
19,2014-10-01,39618
19,2014-11-01,39632
19,2014-12-01,45614
19,2015-01-01,38491
19,2015-02-01,37019
19,2015-03-01,40693
19,2015-04-01,40154
19,2015-05-01,41210
19,2015-06-01,38377
19,2015-07-01,39940
19,2015-08-01,40734
19,2015-09-01,37918
19,2015-10-01,39225
19,2015-11-01,37891
19,2015-12-01,42698
19,2016-01-01,31311
19,2016-02-01,36153
19,2016-03-01,38265
19,2016-04-01,39372
19,2016-05-01,38609
19,2016-06-01,34438
19,2016-07-01,36617
19,2016-08-01,34990
19,2016-09-01,33644
19,2016-10-01,36545
19,2016-11-01,35982
19,2016-12-01,41233
19,2017-01-01,33489
19,2017-02-01,32450
19,2017-03-01,35233
19,2017-04-01,36089
19,2017-05-01,36238
19,2017-06-01,34798
19,2017-07-01,36673
19,2017-08-01,17411
20,2015-02-01,42109
20,2015-03-01,53621
20,2015-04-01,48070
20,2015-05-01,51531
20,2015-06-01,47296
20,2015-07-01,48128
20,2015-08-01,49411
20,2015-09-01,46108
20,2015-10-01,43410
20,2015-11-01,41884
20,2015-12-01,54018
20,2016-01-01,40548
20,2016-02-01,42515
20,2016-03-01,45886
20,2016-04-01,47993
20,2016-05-01,46554
20,2016-06-01,43611
20,2016-07-01,44383
20,2016-08-01,43613
20,2016-09-01,44097
20,2016-10-01,45789
20,2016-11-01,44134
20,2016-12-01,54641
20,2017-01-01,44891
20,2017-02-01,42534
20,2017-03-01,46324
20,2017-04-01,48827
20,2017-05-01,48946
20,2017-06-01,45971
20,2017-07-01,50914
20,2017-08-01,24782
21,2015-07-01,19830
21,2015-08-01,52635
21,2015-09-01,37262
21,2015-10-01,34657
21,2015-11-01,34811
21,2015-12-01,41888
21,2016-01-01,28552
21,2016-02-01,28166
21,2016-03-01,26891
21,2016-04-01,28933
21,2016-05-01,30882
21,2016-06-01,27450
21,2016-07-01,31478
21,2016-08-01,31237
21,2016-09-01,30758
21,2016-10-01,32370
21,2016-11-01,31981
21,2016-12-01,42240
21,2017-01-01,33198
21,2017-02-01,31917
21,2017-03-01,33388
21,2017-04-01,33288
21,2017-05-01,34571
21,2017-06-01,32667
21,2017-07-01,34718
21,2017-08-01,17123
22,2015-10-01,25817
22,2015-11-01,20883
22,2015-12-01,23657
22,2016-01-01,17691
22,2016-02-01,19379
22,2016-03-01,22262
22,2016-04-01,22908
22,2016-05-01,22174
22,2016-06-01,20709
22,2016-07-01,21674
22,2016-08-01,20852
22,2016-09-01,21487
22,2016-10-01,21943
22,2016-11-01,21804
22,2016-12-01,26993
22,2017-01-01,22165
22,2017-02-01,20216
22,2017-03-01,23573
22,2017-04-01,24231
22,2017-05-01,24464
22,2017-06-01,23760
22,2017-07-01,24176
22,2017-08-01,11338
23,2013-01-01,34460
23,2013-02-01,32685
23,2013-03-01,36312
23,2013-04-01,35248
23,2013-05-01,36064
23,2013-06-01,35347
23,2013-07-01,35778
23,2013-08-01,35780
23,2013-09-01,35742
23,2013-10-01,36233
23,2013-11-01,31710
23,2013-12-01,39190
23,2014-01-01,33741
23,2014-02-01,31109
23,2014-03-01,34677
23,2014-04-01,34246
23,2014-05-01,33715
23,2014-06-01,32339
23,2014-07-01,33142
23,2014-08-01,31865
23,2014-09-01,32177
23,2014-10-01,32266
23,2014-11-01,31076
23,2014-12-01,37017
23,2015-01-01,31568
23,2015-02-01,28507
23,2015-03-01,31664
23,2015-04-01,30792
23,2015-05-01,32438
23,2015-06-01,30425
23,2015-07-01,31013
23,2015-08-01,30463
23,2015-09-01,30387
23,2015-10-01,31315
23,2015-11-01,29611
23,2015-12-01,35751
23,2016-01-01,29610
23,2016-02-01,29051
23,2016-03-01,30734
23,2016-04-01,31451
23,2016-05-01,31726
23,2016-06-01,29841
23,2016-07-01,30933
23,2016-08-01,29733
23,2016-09-01,28833
23,2016-10-01,30879
23,2016-11-01,29812
23,2016-12-01,35995
23,2017-01-01,29727
23,2017-02-01,28104
23,2017-03-01,31026
23,2017-04-01,29918
23,2017-05-01,31070
23,2017-06-01,29595
23,2017-07-01,30067
23,2017-08-01,14213
24,2013-01-01,70657
24,2013-02-01,65718
24,2013-03-01,74269
24,2013-04-01,71098
24,2013-05-01,73998
24,2013-06-01,71851
24,2013-07-01,73417
24,2013-08-01,74773
24,2013-09-01,68918
24,2013-10-01,68163
24,2013-11-01,66673
24,2013-12-01,80614
24,2014-01-01,67151
24,2014-02-01,64519
24,2014-03-01,69796
24,2014-04-01,29510
24,2014-07-01,16717
24,2014-08-01,69246
24,2014-09-01,65896
24,2014-10-01,68388
24,2014-11-01,66800
24,2014-12-01,85585
24,2015-01-01,69629
24,2015-02-01,65798
24,2015-03-01,70513
24,2015-04-01,66349
24,2015-05-01,72916
24,2015-06-01,71307
24,2015-07-01,72167
24,2015-08-01,70341
24,2015-09-01,66620
24,2015-10-01,68479
24,2015-11-01,66387
24,2015-12-01,83052
24,2016-01-01,64747
24,2016-02-01,62771
24,2016-03-01,66831
24,2016-04-01,65066
24,2016-05-01,67542
24,2016-06-01,64954
24,2016-07-01,65028
24,2016-08-01,66238
24,2016-09-01,62462
24,2016-10-01,62229
24,2016-11-01,62029
24,2016-12-01,77937
24,2017-01-01,63401
24,2017-02-01,58879
24,2017-03-01,64851
24,2017-04-01,60286
24,2017-05-01,65458
24,2017-06-01,64010
24,2017-07-01,64737
24,2017-08-01,31435
25,2013-01-01,27048
25,2013-02-01,36388
25,2013-03-01,37934
25,2013-04-01,27536
25,2013-05-01,23869
25,2013-06-01,20198
25,2013-07-01,22505
25,2013-08-01,26165
25,2013-09-01,21078
25,2013-10-01,26344
25,2013-11-01,22037
25,2013-12-01,35645
25,2014-01-01,28960
25,2014-02-01,26743
25,2014-03-01,38320
25,2014-04-01,32817
25,2014-05-01,24057
25,2014-06-01,21932
25,2014-07-01,25254
25,2014-08-01,28256
25,2014-09-01,22226
25,2014-10-01,27404
25,2014-11-01,24275
25,2014-12-01,35069
25,2015-01-01,34153
25,2015-02-01,33562
25,2015-03-01,32919
25,2015-04-01,33098
25,2015-05-01,26051
25,2015-06-01,22263
25,2015-07-01,25328
25,2015-08-01,29606
25,2015-09-01,21763
25,2015-10-01,27618
25,2015-11-01,23902
25,2015-12-01,32509
25,2016-01-01,26859
25,2016-02-01,34871
25,2016-03-01,34493
25,2016-04-01,26855
25,2016-05-01,24544
25,2016-06-01,21182
25,2016-07-01,25683
25,2016-08-01,20224
25,2016-10-01,6208
25,2016-11-01,30242
25,2016-12-01,34190
25,2017-01-01,31066
25,2017-02-01,34462
25,2017-03-01,33904
25,2017-04-01,34220
25,2017-05-01,27978
25,2017-06-01,24036
25,2017-07-01,27862
25,2017-08-01,16651
26,2013-01-01,24409
26,2013-02-01,23618
26,2013-03-01,27173
26,2013-04-01,25086
26,2013-05-01,26205
26,2013-06-01,24920
26,2013-07-01,23463
26,2013-08-01,24708
26,2013-09-01,23727
26,2013-10-01,20399
26,2013-11-01,19972
26,2013-12-01,30386
26,2014-01-01,19921
26,2014-02-01,19176
26,2014-03-01,22527
26,2014-04-01,19944
26,2014-05-01,20905
26,2014-06-01,19381
26,2014-07-01,18815
26,2014-08-01,19082
26,2014-09-01,17600
26,2014-10-01,18288
26,2014-11-01,18245
26,2014-12-01,29035
26,2015-01-01,17757
26,2015-02-01,16383
26,2015-03-01,18167
26,2015-04-01,16814
26,2015-05-01,18152
26,2015-06-01,16166
26,2015-07-01,16820
26,2015-08-01,16573
26,2015-09-01,15488
26,2015-10-01,16460
26,2015-11-01,15650
26,2015-12-01,24168
26,2016-01-01,15414
26,2016-02-01,15204
26,2016-03-01,15681
26,2016-04-01,16228
26,2016-05-01,16416
26,2016-06-01,16267
26,2016-07-01,15708
26,2016-08-01,14897
26,2016-09-01,13999
26,2016-10-01,14905
26,2016-11-01,17319
26,2016-12-01,23330
26,2017-01-01,16422
26,2017-02-01,15330
26,2017-03-01,17596
26,2017-04-01,15568
26,2017-05-01,17503
26,2017-06-01,16617
26,2017-07-01,17036
26,2017-08-01,8036
27,2013-01-01,33943
27,2013-02-01,34334
27,2013-03-01,39812
27,2013-04-01,36854
27,2013-05-01,39420
27,2013-06-01,38362
27,2013-07-01,39240
27,2013-08-01,40739
27,2013-09-01,39523
27,2013-10-01,40447
27,2013-11-01,35573
27,2013-12-01,41849
27,2014-01-01,38610
27,2014-02-01,37675
27,2014-03-01,44011
27,2014-04-01,42126
27,2014-05-01,44688
27,2014-06-01,43923
27,2014-07-01,42924
27,2014-08-01,45021
27,2014-09-01,42185
27,2014-10-01,44892
27,2014-11-01,45244
27,2014-12-01,50587
27,2015-01-01,47481
27,2015-02-01,46724
27,2015-03-01,51531
27,2015-04-01,47118
27,2015-05-01,48164
27,2015-06-01,45146
27,2015-07-01,46530
27,2015-08-01,47251
27,2015-09-01,44301
27,2015-10-01,45663
27,2015-11-01,44968
27,2015-12-01,49456
27,2016-01-01,43191
27,2016-02-01,44245
27,2016-03-01,47343
27,2016-04-01,47397
27,2016-05-01,48890
27,2016-06-01,45956
27,2016-07-01,48397
27,2016-08-01,48193
27,2016-09-01,45921
27,2016-10-01,47132
27,2016-11-01,47705
27,2016-12-01,52634
27,2017-01-01,49273
27,2017-02-01,46912
27,2017-03-01,51359
27,2017-04-01,49668
27,2017-05-01,51425
27,2017-06-01,48161
27,2017-07-01,50794
27,2017-08-01,24776
28,2013-01-01,25049
28,2013-02-01,25952
28,2013-03-01,30520
28,2013-04-01,30290
28,2013-05-01,33656
28,2013-06-01,33434
28,2013-07-01,32920
28,2013-08-01,34633
28,2013-09-01,33299
28,2013-10-01,32244
28,2013-11-01,31037
28,2013-12-01,38396
28,2014-01-01,31544
28,2014-02-01,31524
28,2014-03-01,35983
28,2014-04-01,32883
28,2014-05-01,35571
28,2014-06-01,34255
28,2014-07-01,34217
28,2014-08-01,36124
28,2014-09-01,33625
28,2014-10-01,34365
28,2014-11-01,34404
28,2014-12-01,41333
28,2015-01-01,34257
28,2015-02-01,33501
28,2015-03-01,37077
28,2015-04-01,34308
28,2015-05-01,37874
28,2015-06-01,34954
28,2015-07-01,35935
28,2015-08-01,37191
28,2015-09-01,35169
28,2015-10-01,35528
28,2015-11-01,33327
28,2015-12-01,40316
28,2016-01-01,32817
28,2016-02-01,33694
28,2016-03-01,36724
28,2016-04-01,38500
28,2016-05-01,38605
28,2016-06-01,35545
28,2016-07-01,37112
28,2016-08-01,36943
28,2016-09-01,35144
28,2016-10-01,36050
28,2016-11-01,35929
28,2016-12-01,44682
28,2017-01-01,37538
28,2017-02-01,36323
28,2017-03-01,38653
28,2017-04-01,38069
28,2017-05-01,41038
28,2017-06-01,38504
28,2017-07-01,39799
28,2017-08-01,19230
29,2015-03-01,19301
29,2015-04-01,33580
29,2015-05-01,32886
29,2015-06-01,30106
29,2015-07-01,31527
29,2015-08-01,32574
29,2015-09-01,30578
29,2015-10-01,29998
29,2015-11-01,29818
29,2015-12-01,35500
29,2016-01-01,29401
29,2016-02-01,31173
29,2016-03-01,33620
29,2016-04-01,34280
29,2016-05-01,34977
29,2016-06-01,32547
29,2016-07-01,34490
29,2016-08-01,34523
29,2016-09-01,33506
29,2016-10-01,34261
29,2016-11-01,32943
29,2016-12-01,41127
29,2017-01-01,35288
29,2017-02-01,33348
29,2017-03-01,36501
29,2017-04-01,35334
29,2017-05-01,38106
29,2017-06-01,35256
29,2017-07-01,36724
29,2017-08-01,18175
30,2013-01-01,20826
30,2013-02-01,19877
30,2013-03-01,21426
30,2013-04-01,20635
30,2013-05-01,21916
30,2013-06-01,21964
30,2013-07-01,6111
30,2013-08-01,23427
30,2013-09-01,21618
30,2013-10-01,21122
30,2013-11-01,20865
30,2013-12-01,24356
30,2014-01-01,21320
30,2014-02-01,20318
30,2014-03-01,21795
30,2014-04-01,20215
30,2014-05-01,22317
30,2014-06-01,21459
30,2014-07-01,21180
30,2014-08-01,21672
30,2014-09-01,20691
30,2014-10-01,20897
30,2014-11-01,20513
30,2014-12-01,24479
30,2015-01-01,20618
30,2015-02-01,19767
30,2015-03-01,21260
30,2015-04-01,20248
30,2015-05-01,21815
30,2015-06-01,21178
30,2015-07-01,21419
30,2015-08-01,21851
30,2015-09-01,20949
30,2015-10-01,20921
30,2015-11-01,20412
30,2015-12-01,24458
30,2016-01-01,20297
30,2016-02-01,20875
30,2016-03-01,21996
30,2016-04-01,21633
30,2016-05-01,21257
30,2016-06-01,20235
30,2016-07-01,20924
30,2016-08-01,21042
30,2016-09-01,20342
30,2016-10-01,20677
30,2016-11-01,20598
30,2016-12-01,24372
30,2017-01-01,21616
30,2017-02-01,20776
30,2017-03-01,22768
30,2017-04-01,18138
30,2017-05-01,22807
30,2017-06-01,22000
30,2017-07-01,22219
30,2017-08-01,10663
31,2013-01-01,35549
31,2013-02-01,34401
31,2013-03-01,39591
31,2013-04-01,37829
31,2013-05-01,39892
31,2013-06-01,39219
31,2013-07-01,39064
31,2013-08-01,38992
31,2013-09-01,36077
31,2013-10-01,37922
31,2013-11-01,38201
31,2013-12-01,49993
31,2014-01-01,38300
31,2014-02-01,38473
31,2014-03-01,43721
31,2014-04-01,40587
31,2014-05-01,41885
31,2014-06-01,40015
31,2014-07-01,41235
31,2014-08-01,42541
31,2014-09-01,38818
31,2014-10-01,40453
31,2014-11-01,40956
31,2014-12-01,53455
31,2015-01-01,42049
31,2015-02-01,40105
31,2015-03-01,44246
31,2015-04-01,41397
31,2015-05-01,45832
31,2015-06-01,42538
31,2015-07-01,43984
31,2015-08-01,44919
31,2015-09-01,40879
31,2015-10-01,42092
31,2015-11-01,40916
31,2015-12-01,54392
31,2016-01-01,40991
31,2016-02-01,40092
31,2016-03-01,42253
31,2016-04-01,41753
31,2016-05-01,43198
31,2016-06-01,39548
31,2016-07-01,41610
31,2016-08-01,40397
31,2016-09-01,38811
31,2016-10-01,41166
31,2016-11-01,39156
31,2016-12-01,54055
31,2017-01-01,41751
31,2017-02-01,38535
31,2017-03-01,41648
31,2017-04-01,41009
31,2017-05-01,43486
31,2017-06-01,41775
31,2017-07-01,43554
31,2017-08-01,20738
32,2013-01-01,20971
32,2013-02-01,20732
32,2013-03-01,22836
32,2013-04-01,21195
32,2013-05-01,22889
32,2013-06-01,21627
32,2013-07-01,21608
32,2013-08-01,21779
32,2013-09-01,19656
32,2013-10-01,19837
32,2013-11-01,19134
32,2013-12-01,21767
32,2014-01-01,17244
32,2014-02-01,17659
32,2014-03-01,19613
32,2014-04-01,18421
32,2014-05-01,19216
32,2014-06-01,17578
32,2014-07-01,17834
32,2014-08-01,19213
32,2014-09-01,17631
32,2014-10-01,17795
32,2014-11-01,18130
32,2014-12-01,21762
32,2015-01-01,17825
32,2015-02-01,17297
32,2015-03-01,19298
32,2015-04-01,18705
32,2015-05-01,19980
32,2015-06-01,18387
32,2015-07-01,18902
32,2015-08-01,19049
32,2015-09-01,17835
32,2015-10-01,17984
32,2015-11-01,17348
32,2015-12-01,20889
32,2016-01-01,17447
32,2016-02-01,19803
32,2016-03-01,19859
32,2016-04-01,19892
32,2016-05-01,20186
32,2016-06-01,17820
32,2016-07-01,18496
32,2016-08-01,18200
32,2016-09-01,17127
32,2016-10-01,17518
32,2016-11-01,17330
32,2016-12-01,21749
32,2017-01-01,17916
32,2017-02-01,17625
32,2017-03-01,19882
32,2017-04-01,18982
32,2017-05-01,19757
32,2017-06-01,18032
32,2017-07-01,18951
32,2017-08-01,9028
33,2013-01-01,31427
33,2013-02-01,30135
33,2013-03-01,34532
33,2013-04-01,33377
33,2013-05-01,35328
33,2013-06-01,34736
33,2013-07-01,34142
33,2013-08-01,34121
33,2013-09-01,32333
33,2013-10-01,33200
33,2013-11-01,32426
33,2013-12-01,39114
33,2014-01-01,33417
33,2014-02-01,31890
33,2014-03-01,35089
33,2014-04-01,33049
33,2014-05-01,35268
33,2014-06-01,33541
33,2014-07-01,34158
33,2014-08-01,35737
33,2014-09-01,33226
33,2014-10-01,33743
33,2014-11-01,33903
33,2014-12-01,40304
33,2015-01-01,32066
33,2015-02-01,29899
33,2015-03-01,34091
33,2015-04-01,31642
33,2015-05-01,33612
33,2015-06-01,31913
33,2015-07-01,32222
33,2015-08-01,32331
33,2015-09-01,30371
33,2015-10-01,30082
33,2015-11-01,28712
33,2015-12-01,35971
33,2016-01-01,28330
33,2016-02-01,27747
33,2016-03-01,29925
33,2016-04-01,28896
33,2016-05-01,29150
33,2016-06-01,27172
33,2016-07-01,28182
33,2016-08-01,26771
33,2016-09-01,25876
33,2016-10-01,26448
33,2016-11-01,25909
33,2016-12-01,33372
33,2017-01-01,27321
33,2017-02-01,24766
33,2017-03-01,27421
33,2017-04-01,26915
33,2017-05-01,28703
33,2017-06-01,27650
33,2017-07-01,28113
33,2017-08-01,13228
34,2013-01-01,70298
34,2013-02-01,71137
34,2013-03-01,78820
34,2013-04-01,75523
34,2013-05-01,74099
34,2013-06-01,70809
34,2013-07-01,72321
34,2013-08-01,75319
34,2013-09-01,71373
34,2013-10-01,75149
34,2013-11-01,70796
34,2013-12-01,85653
34,2014-01-01,71494
34,2014-02-01,70839
34,2014-03-01,80237
34,2014-04-01,75990
34,2014-05-01,76594
34,2014-06-01,70763
34,2014-07-01,74800
34,2014-08-01,77983
34,2014-09-01,72011
34,2014-10-01,75815
34,2014-11-01,68221
34,2014-12-01,83629
34,2015-01-01,67819
34,2015-02-01,64912
34,2015-03-01,74056
34,2015-04-01,69637
34,2015-05-01,70029
34,2015-06-01,63625
34,2015-07-01,65138
34,2015-08-01,68124
34,2015-09-01,64223
34,2015-10-01,67202
34,2015-11-01,61907
34,2015-12-01,77075
34,2016-01-01,61010
34,2016-02-01,63703
34,2016-03-01,66562
34,2016-04-01,63752
34,2016-05-01,63984
34,2016-06-01,60589
34,2016-07-01,64091
34,2016-08-01,65054
34,2016-09-01,61610
34,2016-10-01,64013
34,2016-11-01,62266
34,2016-12-01,76883
34,2017-01-01,65056
34,2017-02-01,63271
34,2017-03-01,68290
34,2017-04-01,67675
34,2017-05-01,66840
34,2017-06-01,61490
34,2017-07-01,63212
34,2017-08-01,31247
35,2013-01-01,18500
35,2013-02-01,22463
35,2013-03-01,22878
35,2013-04-01,16928
35,2013-05-01,16935
35,2013-06-01,15765
35,2013-07-01,16726
35,2013-08-01,17886
35,2013-09-01,17406
35,2013-10-01,18794
35,2013-11-01,17347
35,2013-12-01,20023
35,2014-01-01,17565
35,2014-02-01,17369
35,2014-03-01,22541
35,2014-04-01,19380
35,2014-05-01,19150
35,2014-06-01,18167
35,2014-07-01,19103
35,2014-08-01,19981
35,2014-09-01,18581
35,2014-10-01,19694
35,2014-11-01,19262
35,2014-12-01,21207
35,2015-01-01,20050
35,2015-02-01,20564
35,2015-03-01,22210
35,2015-04-01,22416
35,2015-05-01,21905
35,2015-06-01,20521
35,2015-07-01,21687
35,2015-08-01,22613
35,2015-09-01,20730
35,2015-10-01,21809
35,2015-11-01,20584
35,2015-12-01,22887
35,2016-01-01,19173
35,2016-02-01,22464
35,2016-03-01,23085
35,2016-04-01,21799
35,2016-05-01,22197
35,2016-06-01,19119
35,2016-07-01,20698
35,2016-08-01,20556
35,2016-09-01,19546
35,2016-10-01,19863
35,2016-11-01,20436
35,2016-12-01,23179
35,2017-01-01,21009
35,2017-02-01,21236
35,2017-03-01,22399
35,2017-04-01,21925
35,2017-05-01,21964
35,2017-06-01,20046
35,2017-07-01,21191
35,2017-08-01,10377
36,2013-05-01,31215
36,2013-06-01,29722
36,2013-07-01,27670
36,2013-08-01,29096
36,2013-09-01,27078
36,2013-10-01,28673
36,2013-11-01,27205
36,2013-12-01,34554
36,2014-01-01,29269
36,2014-02-01,29508
36,2014-03-01,35882
36,2014-04-01,32598
36,2014-05-01,32723
36,2014-06-01,31203
36,2014-07-01,32072
36,2014-08-01,33689
36,2014-09-01,30725
36,2014-10-01,32261
36,2014-11-01,31590
36,2014-12-01,39216
36,2015-01-01,32893
36,2015-02-01,32894
36,2015-03-01,36391
36,2015-04-01,36432
36,2015-05-01,37217
36,2015-06-01,33872
36,2015-07-01,34818
36,2015-08-01,35334
36,2015-09-01,41469
36,2015-10-01,44293
36,2015-11-01,32501
36,2015-12-01,39438
36,2016-01-01,31229
36,2016-02-01,33854
36,2016-03-01,35761
36,2016-04-01,34458
36,2016-05-01,34775
36,2016-06-01,31653
36,2016-07-01,33817
36,2016-08-01,34966
36,2016-09-01,36007
36,2016-10-01,35957
36,2016-11-01,32090
36,2016-12-01,39884
36,2017-01-01,33761
36,2017-02-01,34197
36,2017-03-01,37025
36,2017-04-01,35495
36,2017-05-01,35956
36,2017-06-01,32832
36,2017-07-01,33963
36,2017-08-01,16948
37,2013-01-01,42770
37,2013-02-01,38552
37,2013-03-01,43545
37,2013-04-01,41831
37,2013-05-01,44501
37,2013-06-01,43424
37,2013-07-01,44795
37,2013-08-01,40800
37,2013-09-01,41221
37,2013-10-01,42741
37,2013-11-01,44908
37,2013-12-01,52956
37,2014-01-01,45572
37,2014-02-01,42803
37,2014-03-01,45603
37,2014-04-01,46581
37,2014-05-01,48187
37,2014-06-01,45859
37,2014-07-01,47171
37,2014-08-01,43907
37,2014-09-01,45235
37,2014-10-01,46788
37,2014-11-01,45509
37,2014-12-01,56862
37,2015-01-01,47902
37,2015-02-01,43922
37,2015-03-01,48214
37,2015-04-01,47082
37,2015-05-01,49444
37,2015-06-01,46674
37,2015-07-01,49038
37,2015-08-01,43253
37,2015-09-01,40359
37,2015-10-01,42372
37,2015-11-01,40768
37,2015-12-01,51343
37,2016-01-01,41488
37,2016-02-01,40932
37,2016-03-01,43383
37,2016-04-01,42958
37,2016-05-01,43426
37,2016-06-01,42174
37,2016-07-01,44191
37,2016-08-01,40778
37,2016-09-01,41980
37,2016-10-01,43254
37,2016-11-01,42746
37,2016-12-01,51912
37,2017-01-01,44464
37,2017-02-01,40171
37,2017-03-01,45604
37,2017-04-01,43081
37,2017-05-01,45499
37,2017-06-01,44247
37,2017-07-01,46242
37,2017-08-01,20697
38,2013-01-01,50723
38,2013-02-01,48993
38,2013-03-01,56726
38,2013-04-01,52395
38,2013-05-01,54593
38,2013-06-01,52506
38,2013-07-01,53373
38,2013-08-01,53708
38,2013-09-01,51603
38,2013-10-01,53831
38,2013-11-01,54397
38,2013-12-01,68741
38,2014-01-01,54003
38,2014-02-01,51651
38,2014-03-01,56635
38,2014-04-01,57072
38,2014-05-01,58068
38,2014-06-01,54291
38,2014-07-01,54624
38,2014-08-01,56488
38,2014-09-01,51286
38,2014-10-01,53908
38,2014-11-01,54068
38,2014-12-01,67474
38,2015-01-01,54635
38,2015-02-01,50576
38,2015-03-01,55290
38,2015-04-01,54694
38,2015-05-01,57553
38,2015-06-01,52130
38,2015-07-01,54388
38,2015-08-01,54240
38,2015-09-01,51203
38,2015-10-01,51513
38,2015-11-01,45484
38,2015-12-01,58118
38,2016-01-01,46748
38,2016-02-01,44670
38,2016-03-01,47932
38,2016-04-01,47773
38,2016-05-01,47814
38,2016-06-01,43956
38,2016-07-01,45412
38,2016-08-01,43913
38,2016-09-01,41811
38,2016-10-01,43560
38,2016-11-01,43913
38,2016-12-01,57619
38,2017-01-01,45904
38,2017-02-01,42169
38,2017-03-01,46667
38,2017-04-01,47863
38,2017-05-01,48787
38,2017-06-01,46613
38,2017-07-01,49550
38,2017-08-01,23397
39,2013-01-01,40303
39,2013-02-01,39457
39,2013-03-01,44461
39,2013-04-01,43076
39,2013-05-01,43652
39,2013-06-01,43351
39,2013-07-01,44021
39,2013-08-01,43548
39,2013-09-01,41804
39,2013-10-01,43100
39,2013-11-01,41538
39,2013-12-01,51719
39,2014-01-01,41979
39,2014-02-01,41037
39,2014-03-01,45954
39,2014-04-01,45084
39,2014-05-01,45763
39,2014-06-01,43229
39,2014-07-01,43524
39,2014-08-01,43000
39,2014-09-01,41635
39,2014-10-01,42281
39,2014-11-01,41818
39,2014-12-01,52108
39,2015-01-01,41570
39,2015-02-01,40035
39,2015-03-01,43093
39,2015-04-01,42342
39,2015-05-01,44536
39,2015-06-01,41982
39,2015-07-01,43465
39,2015-08-01,43202
39,2015-09-01,41865
39,2015-10-01,41481
39,2015-11-01,39877
39,2015-12-01,51051
39,2016-01-01,39968
39,2016-02-01,40760
39,2016-03-01,42874
39,2016-04-01,43169
39,2016-05-01,43693
39,2016-06-01,40960
39,2016-07-01,43468
39,2016-08-01,41554
39,2016-09-01,41000
39,2016-10-01,41879
39,2016-11-01,39554
39,2016-12-01,51495
39,2017-01-01,42246
39,2017-02-01,39014
39,2017-03-01,42335
39,2017-04-01,41787
39,2017-05-01,43525
39,2017-06-01,42507
39,2017-07-01,44974
39,2017-08-01,20779
40,2013-01-01,30643
40,2013-02-01,28737
40,2013-03-01,32959
40,2013-04-01,33226
40,2013-05-01,35699
40,2013-06-01,33770
40,2013-07-01,34986
40,2013-08-01,35069
40,2013-09-01,32769
40,2013-10-01,33253
40,2013-11-01,33478
40,2013-12-01,39402
40,2014-01-01,36383
40,2014-02-01,35386
40,2014-03-01,38406
40,2014-04-01,37756
40,2014-05-01,41419
40,2014-06-01,39225
40,2014-07-01,40624
40,2014-08-01,41707
40,2014-09-01,39479
40,2014-10-01,39529
40,2014-11-01,39757
40,2014-12-01,46216
40,2015-01-01,40757
40,2015-02-01,38426
40,2015-03-01,44315
40,2015-04-01,42173
40,2015-05-01,45442
40,2015-06-01,43100
40,2015-07-01,44147
40,2015-08-01,44684
40,2015-09-01,40107
40,2015-10-01,38822
40,2015-11-01,36941
40,2015-12-01,45064
40,2016-01-01,36668
40,2016-02-01,38726
40,2016-03-01,42112
40,2016-04-01,42148
40,2016-05-01,42799
40,2016-06-01,40123
40,2016-07-01,41048
40,2016-08-01,41090
40,2016-09-01,39550
40,2016-10-01,40387
40,2016-11-01,38722
40,2016-12-01,47296
40,2017-01-01,41039
40,2017-02-01,37940
40,2017-03-01,42018
40,2017-04-01,39482
40,2017-05-01,42922
40,2017-06-01,40770
40,2017-07-01,42302
40,2017-08-01,20197
41,2013-01-01,24361
41,2013-02-01,23752
41,2013-03-01,26920
41,2013-04-01,25678
41,2013-05-01,27693
41,2013-06-01,26371
41,2013-07-01,26996
41,2013-08-01,28466
41,2013-09-01,27252
41,2013-10-01,27854
41,2013-11-01,28055
41,2013-12-01,37647
41,2014-01-01,28078
41,2014-02-01,27463
41,2014-03-01,30901
41,2014-04-01,30440
41,2014-05-01,32142
41,2014-06-01,30321
41,2014-07-01,31035
41,2014-08-01,32180
41,2014-09-01,29470
41,2014-10-01,30548
41,2014-11-01,30881
41,2014-12-01,42197
41,2015-01-01,31741
41,2015-02-01,29913
41,2015-03-01,32780
41,2015-04-01,31635
41,2015-05-01,34748
41,2015-06-01,31591
41,2015-07-01,32386
41,2015-08-01,33987
41,2015-09-01,31233
41,2015-10-01,32114
41,2015-11-01,31945
41,2015-12-01,41859
41,2016-01-01,29407
41,2016-02-01,30143
41,2016-03-01,31698
41,2016-04-01,31265
41,2016-05-01,34765
41,2016-06-01,32237
41,2016-07-01,33209
41,2016-08-01,33816
41,2016-09-01,31698
41,2016-10-01,33742
41,2016-11-01,34260
41,2016-12-01,43122
41,2017-01-01,34844
41,2017-02-01,32166
41,2017-03-01,33955
41,2017-04-01,33851
41,2017-05-01,36731
41,2017-06-01,35168
41,2017-07-01,37579
41,2017-08-01,17857
42,2015-08-01,16144
42,2015-09-01,32788
42,2015-10-01,31521
42,2015-11-01,29591
42,2015-12-01,35552
42,2016-01-01,28938
42,2016-02-01,29985
42,2016-03-01,31794
42,2016-04-01,31723
42,2016-05-01,33096
42,2016-06-01,31492
42,2016-07-01,33509
42,2016-08-01,30881
42,2016-09-01,31975
42,2016-10-01,33750
42,2016-11-01,33044
42,2016-12-01,41189
42,2017-01-01,35820
42,2017-02-01,32415
42,2017-03-01,35919
42,2017-04-01,35147
42,2017-05-01,36787
42,2017-06-01,36200
42,2017-07-01,37040
42,2017-08-01,16346
43,2013-01-01,33964
43,2013-02-01,34315
43,2013-03-01,38014
43,2013-04-01,36955
43,2013-05-01,38600
43,2013-06-01,35103
43,2013-07-01,37672
43,2013-08-01,40131
43,2013-09-01,36717
43,2013-10-01,38011
43,2013-11-01,37131
43,2013-12-01,44967
43,2014-01-01,38791
43,2014-02-01,38273
43,2014-03-01,41790
43,2014-04-01,39689
43,2014-05-01,40485
43,2014-06-01,38455
43,2014-07-01,39840
43,2014-08-01,40946
43,2014-09-01,37374
43,2014-10-01,39519
43,2014-11-01,38297
43,2014-12-01,43932
43,2015-01-01,38473
43,2015-02-01,36619
43,2015-03-01,41196
43,2015-04-01,38762
43,2015-05-01,41669
43,2015-06-01,39601
43,2015-07-01,40743
43,2015-08-01,42487
43,2015-09-01,39453
43,2015-10-01,40833
43,2015-11-01,38071
43,2015-12-01,43376
43,2016-01-01,34670
43,2016-02-01,36497
43,2016-03-01,38282
43,2016-04-01,36944
43,2016-05-01,36208
43,2016-06-01,34216
43,2016-07-01,36659
43,2016-08-01,36099
43,2016-09-01,32511
43,2016-10-01,35784
43,2016-11-01,35108
43,2016-12-01,50197
43,2017-01-01,42759
43,2017-02-01,41247
43,2017-03-01,44545
43,2017-04-01,43152
43,2017-05-01,45414
43,2017-06-01,42781
43,2017-07-01,46160
43,2017-08-01,22869
44,2013-01-01,118786
44,2013-02-01,107605
44,2013-03-01,124656
44,2013-04-01,119439
44,2013-05-01,125494
44,2013-06-01,120479
44,2013-07-01,122343
44,2013-08-01,124238
44,2013-09-01,122319
44,2013-10-01,121253
44,2013-11-01,126153
44,2013-12-01,161167
44,2014-01-01,124389
44,2014-02-01,117619
44,2014-03-01,133683
44,2014-04-01,132079
44,2014-05-01,136735
44,2014-06-01,127914
44,2014-07-01,128764
44,2014-08-01,144445
44,2014-09-01,140032
44,2014-10-01,137743
44,2014-11-01,132220
44,2014-12-01,166984
44,2015-01-01,130619
44,2015-02-01,117215
44,2015-03-01,134941
44,2015-04-01,128754
44,2015-05-01,138112
44,2015-06-01,127011
44,2015-07-01,128401
44,2015-08-01,134400
44,2015-09-01,127785
44,2015-10-01,129556
44,2015-11-01,131586
44,2015-12-01,165143
44,2016-01-01,120720
44,2016-02-01,120783
44,2016-03-01,129207
44,2016-04-01,130348
44,2016-05-01,132467
44,2016-06-01,123049
44,2016-07-01,127343
44,2016-08-01,128861
44,2016-09-01,126097
44,2016-10-01,132947
44,2016-11-01,135858
44,2016-12-01,167005
44,2017-01-01,133924
44,2017-02-01,120824
44,2017-03-01,133143
44,2017-04-01,126519
44,2017-05-01,138318
44,2017-06-01,132563
44,2017-07-01,138720
44,2017-08-01,64335
45,2013-01-01,101578
45,2013-02-01,95553
45,2013-03-01,110357
45,2013-04-01,104519
45,2013-05-01,108433
45,2013-06-01,105010
45,2013-07-01,105677
45,2013-08-01,108863
45,2013-09-01,103171
45,2013-10-01,105574
45,2013-11-01,105735
45,2013-12-01,137889
45,2014-01-01,108663
45,2014-02-01,100768
45,2014-03-01,114843
45,2014-04-01,114584
45,2014-05-01,117212
45,2014-06-01,110609
45,2014-07-01,112785
45,2014-08-01,118444
45,2014-09-01,108909
45,2014-10-01,111616
45,2014-11-01,111057
45,2014-12-01,141085
45,2015-01-01,111993
45,2015-02-01,102186
45,2015-03-01,112515
45,2015-04-01,109624
45,2015-05-01,115970
45,2015-06-01,107239
45,2015-07-01,112672
45,2015-08-01,114952
45,2015-09-01,101912
45,2015-10-01,104911
45,2015-11-01,107076
45,2015-12-01,136629
45,2016-01-01,102092
45,2016-02-01,104535
45,2016-03-01,107501
45,2016-04-01,107014
45,2016-05-01,109659
45,2016-06-01,103179
45,2016-07-01,111184
45,2016-08-01,113139
45,2016-09-01,108186
45,2016-10-01,110112
45,2016-11-01,113175
45,2016-12-01,143538
45,2017-01-01,114044
45,2017-02-01,108369
45,2017-03-01,115968
45,2017-04-01,113733
45,2017-05-01,119682
45,2017-06-01,115265
45,2017-07-01,121382
45,2017-08-01,58745
46,2013-01-01,104443
46,2013-02-01,99084
46,2013-03-01,110279
46,2013-04-01,104080
46,2013-05-01,108774
46,2013-06-01,104273
46,2013-07-01,105791
46,2013-08-01,110284
46,2013-09-01,104730
46,2013-10-01,104228
46,2013-11-01,104017
46,2013-12-01,145006
46,2014-01-01,107093
46,2014-02-01,100106
46,2014-03-01,113753
46,2014-04-01,111757
46,2014-05-01,114647
46,2014-06-01,106297
46,2014-07-01,105981
46,2014-08-01,115291
46,2014-09-01,108537
46,2014-10-01,108957
46,2014-11-01,108541
46,2014-12-01,143486
46,2015-01-01,110571
46,2015-02-01,99883
46,2015-03-01,108766
46,2015-04-01,107011
46,2015-05-01,117245
46,2015-06-01,108209
46,2015-07-01,109981
46,2015-08-01,107993
46,2015-09-01,102154
46,2015-10-01,103169
46,2015-11-01,103082
46,2015-12-01,133606
46,2016-01-01,95445
46,2016-02-01,96557
46,2016-03-01,101112
46,2016-04-01,103509
46,2016-05-01,102596
46,2016-06-01,93834
46,2016-07-01,100370
46,2016-08-01,99374
46,2016-09-01,97034
46,2016-10-01,101090
46,2016-11-01,106492
46,2016-12-01,136378
46,2017-01-01,105211
46,2017-02-01,97470
46,2017-03-01,106384
46,2017-04-01,109227
46,2017-05-01,111008
46,2017-06-01,103421
46,2017-07-01,109763
46,2017-08-01,52733
47,2013-01-01,109668
47,2013-02-01,103706
47,2013-03-01,116873
47,2013-04-01,108571
47,2013-05-01,113532
47,2013-06-01,110637
47,2013-07-01,107506
47,2013-08-01,112001
47,2013-09-01,114468
47,2013-10-01,114585
47,2013-11-01,114436
47,2013-12-01,150204
47,2014-01-01,114190
47,2014-02-01,107175
47,2014-03-01,121771
47,2014-04-01,122976
47,2014-05-01,126298
47,2014-06-01,118398
47,2014-07-01,118522
47,2014-08-01,121949
47,2014-09-01,115552
47,2014-10-01,116741
47,2014-11-01,116996
47,2014-12-01,147371
47,2015-01-01,118445
47,2015-02-01,108186
47,2015-03-01,119883
47,2015-04-01,118449
47,2015-05-01,120810
47,2015-06-01,110814
47,2015-07-01,116234
47,2015-08-01,119307
47,2015-09-01,112975
47,2015-10-01,117712
47,2015-11-01,117564
47,2015-12-01,149747
47,2016-01-01,108521
47,2016-02-01,111132
47,2016-03-01,116599
47,2016-04-01,117046
47,2016-05-01,115799
47,2016-06-01,108539
47,2016-07-01,114724
47,2016-08-01,114185
47,2016-09-01,112026
47,2016-10-01,116242
47,2016-11-01,118587
47,2016-12-01,149367
47,2017-01-01,118000
47,2017-02-01,109254
47,2017-03-01,119122
47,2017-04-01,119174
47,2017-05-01,120941
47,2017-06-01,114171
47,2017-07-01,120588
47,2017-08-01,57541
48,2013-01-01,83657
48,2013-02-01,81514
48,2013-03-01,91996
48,2013-04-01,86142
48,2013-05-01,90470
48,2013-06-01,87142
48,2013-07-01,86552
48,2013-08-01,91607
48,2013-09-01,88003
48,2013-10-01,86801
48,2013-11-01,89223
48,2013-12-01,126210
48,2014-01-01,91361
48,2014-02-01,89239
48,2014-03-01,99946
48,2014-04-01,96508
48,2014-05-01,100294
48,2014-06-01,93413
48,2014-07-01,93005
48,2014-08-01,100954
48,2014-09-01,93727
48,2014-10-01,94129
48,2014-11-01,93006
48,2014-12-01,122626
48,2015-01-01,93863
48,2015-02-01,85468
48,2015-03-01,93338
48,2015-04-01,91818
48,2015-05-01,98873
48,2015-06-01,89980
48,2015-07-01,95076
48,2015-08-01,95026
48,2015-09-01,87765
48,2015-10-01,89538
48,2015-11-01,90538
48,2015-12-01,116787
48,2016-01-01,81569
48,2016-02-01,82602
48,2016-03-01,86436
48,2016-04-01,88954
48,2016-05-01,88976
48,2016-06-01,80761
48,2016-07-01,87413
48,2016-08-01,86180
48,2016-09-01,84325
48,2016-10-01,86005
48,2016-11-01,87571
48,2016-12-01,116017
48,2017-01-01,88595
48,2017-02-01,83335
48,2017-03-01,88625
48,2017-04-01,90956
48,2017-05-01,90895
48,2017-06-01,84719
48,2017-07-01,92661
48,2017-08-01,45595
49,2013-01-01,57065
49,2013-02-01,52754
49,2013-03-01,61864
49,2013-04-01,59717
49,2013-05-01,63065
49,2013-06-01,62260
49,2013-07-01,62424
49,2013-08-01,64792
49,2013-09-01,64882
49,2013-10-01,67120
49,2013-11-01,68340
49,2013-12-01,98874
49,2014-01-01,71302
49,2014-02-01,66333
49,2014-03-01,76838
49,2014-04-01,75451
49,2014-05-01,78902
49,2014-06-01,75818
49,2014-07-01,75918
49,2014-08-01,79819
49,2014-09-01,78494
49,2014-10-01,80217
49,2014-11-01,80362
49,2014-12-01,110061
49,2015-01-01,84668
49,2015-02-01,77271
49,2015-03-01,85888
49,2015-04-01,84381
49,2015-05-01,90240
49,2015-06-01,84505
49,2015-07-01,85619
49,2015-08-01,88144
49,2015-09-01,85141
49,2015-10-01,86593
49,2015-11-01,87151
49,2015-12-01,115271
49,2016-01-01,80860
49,2016-02-01,81405
49,2016-03-01,87584
49,2016-04-01,89234
49,2016-05-01,91556
49,2016-06-01,85253
49,2016-07-01,88469
49,2016-08-01,88016
49,2016-09-01,89354
49,2016-10-01,92571
49,2016-11-01,92256
49,2016-12-01,123484
49,2017-01-01,92694
49,2017-02-01,84643
49,2017-03-01,94897
49,2017-04-01,93590
49,2017-05-01,97650
49,2017-06-01,93743
49,2017-07-01,94623
49,2017-08-01,44677
50,2013-01-01,75412
50,2013-02-01,72788
50,2013-03-01,82409
50,2013-04-01,77979
50,2013-05-01,82773
50,2013-06-01,79447
50,2013-07-01,80808
50,2013-08-01,84169
50,2013-09-01,80406
50,2013-10-01,80553
50,2013-11-01,74033
50,2013-12-01,101262
50,2014-01-01,75268
50,2014-02-01,72527
50,2014-03-01,80290
50,2014-04-01,80999
50,2014-05-01,83268
50,2014-06-01,79605
50,2014-07-01,80911
50,2014-08-01,85406
50,2014-09-01,76569
50,2014-10-01,78920
50,2014-11-01,78912
50,2014-12-01,100360
50,2015-01-01,78868
50,2015-02-01,74252
50,2015-03-01,80187
50,2015-04-01,82665
50,2015-05-01,84259
50,2015-06-01,78209
50,2015-07-01,78896
50,2015-08-01,82027
50,2015-09-01,70797
50,2015-10-01,73770
50,2015-11-01,73464
50,2015-12-01,96261
50,2016-01-01,66598
50,2016-02-01,69604
50,2016-03-01,71231
50,2016-04-01,73282
50,2016-05-01,74738
50,2016-06-01,70259
50,2016-07-01,74733
50,2016-08-01,74887
50,2016-09-01,69875
50,2016-10-01,73807
50,2016-11-01,77902
50,2016-12-01,96963
50,2017-01-01,75947
50,2017-02-01,71044
50,2017-03-01,77936
50,2017-04-01,80278
50,2017-05-01,82075
50,2017-06-01,77668
50,2017-07-01,85302
50,2017-08-01,41586
51,2013-01-01,50762
51,2013-02-01,45917
51,2013-03-01,50731
51,2013-04-01,49800
51,2013-05-01,55239
51,2013-06-01,52760
51,2013-07-01,52781
51,2013-08-01,54523
51,2013-09-01,51198
51,2013-10-01,51089
51,2013-11-01,51586
51,2013-12-01,66198
51,2014-01-01,51651
51,2014-02-01,48511
51,2014-03-01,51468
51,2014-04-01,51521
51,2014-05-01,58307
51,2014-06-01,55210
51,2014-07-01,54160
51,2014-08-01,52571
51,2014-09-01,48004
51,2014-10-01,49834
51,2014-11-01,51172
51,2014-12-01,68841
51,2015-01-01,51732
51,2015-02-01,47121
51,2015-03-01,50430
51,2015-04-01,49130
51,2015-05-01,56131
51,2015-06-01,52387
51,2015-07-01,53012
51,2015-08-01,53595
51,2015-09-01,49992
51,2015-10-01,50068
51,2015-11-01,50852
51,2015-12-01,64494
51,2016-01-01,47467
51,2016-02-01,46928
51,2016-03-01,49275
51,2016-04-01,49780
51,2016-05-01,53481
51,2016-06-01,49985
51,2016-07-01,50565
51,2016-08-01,49676
51,2016-09-01,47758
51,2016-10-01,47591
51,2016-11-01,48341
51,2016-12-01,60872
51,2017-01-01,48937
51,2017-02-01,44628
51,2017-03-01,48166
51,2017-04-01,47114
51,2017-05-01,52303
51,2017-06-01,50299
51,2017-07-01,52402
51,2017-08-01,25268
52,2017-04-01,34927
52,2017-05-01,72057
52,2017-06-01,62776
52,2017-07-01,69815
52,2017-08-01,35818
53,2014-05-01,5755
53,2014-06-01,29266
53,2014-07-01,23783
53,2014-08-01,24539
53,2014-09-01,21548
53,2014-10-01,22249
53,2014-11-01,22046
53,2014-12-01,29745
53,2015-01-01,24180
53,2015-02-01,23410
53,2015-03-01,25545
53,2015-04-01,24861
53,2015-05-01,27389
53,2015-06-01,25552
53,2015-07-01,26216
53,2015-08-01,27693
53,2015-09-01,25014
53,2015-10-01,25861
53,2015-11-01,24892
53,2015-12-01,33226
53,2016-01-01,24251
53,2016-02-01,25728
53,2016-03-01,26560
53,2016-04-01,30619
53,2016-05-01,51094
53,2016-06-01,44709
53,2016-07-01,45617
53,2016-08-01,40480
53,2016-09-01,33113
53,2016-10-01,33711
53,2016-11-01,33658
53,2016-12-01,42740
53,2017-01-01,33369
53,2017-02-01,32780
53,2017-03-01,34537
53,2017-04-01,33687
53,2017-05-01,35993
53,2017-06-01,33259
53,2017-07-01,34824
53,2017-08-01,16583
54,2013-01-01,25203
54,2013-02-01,24859
54,2013-03-01,28166
54,2013-04-01,26239
54,2013-05-01,27867
54,2013-06-01,25824
54,2013-07-01,25540
54,2013-08-01,27308
54,2013-09-01,25402
54,2013-10-01,25626
54,2013-11-01,25534
54,2013-12-01,30420
54,2014-01-01,24616
54,2014-02-01,24258
54,2014-03-01,26764
54,2014-04-01,25343
54,2014-05-01,27235
54,2014-06-01,26326
54,2014-07-01,26351
54,2014-08-01,28419
54,2014-09-01,25687
54,2014-10-01,26052
54,2014-11-01,26584
54,2014-12-01,31356
54,2015-01-01,26207
54,2015-02-01,25055
54,2015-03-01,27659
54,2015-04-01,25705
54,2015-05-01,28759
54,2015-06-01,26277
54,2015-07-01,26674
54,2015-08-01,27775
54,2015-09-01,25735
54,2015-10-01,26334
54,2015-11-01,25294
54,2015-12-01,30010
54,2016-01-01,23398
54,2016-02-01,24296
54,2016-03-01,25566
54,2016-04-01,25604
54,2016-05-01,27041
54,2016-06-01,25305
54,2016-07-01,26413
54,2016-08-01,25847
54,2016-09-01,24683
54,2016-10-01,25481
54,2016-11-01,24985
54,2016-12-01,29623
54,2017-01-01,24397
54,2017-02-01,23409
54,2017-03-01,24235
54,2017-04-01,24209
54,2017-05-01,26344
54,2017-06-01,24568
54,2017-07-01,25077
54,2017-08-01,12346
